{"cameraMode":{"drawMode":0,"name":"Shaded","section":"Shading Mode"},"sceneLighting":true,"audioPlay":false,"sceneViewState":{"showFog":true,"showMaterialUpdate":false,"showSkybox":true,"showFlares":true,"showImageEffects":true,"showParticleSystems":true,"showVisualEffectGraphs":true,"m_FxEnabled":false},"in2DMode":false,"pivot":{"x":97.65943908691406,"y":-37.067596435546878,"z":137.41482543945313},"rotation":{"x":0.03963062912225723,"y":0.45366019010543826,"z":-0.019993016496300699,"w":0.8901287913322449},"size":151.10557556152345,"orthographic":false}