{"cameraMode":{"drawMode":0,"name":"Shaded","section":"Shading Mode"},"sceneLighting":false,"audioPlay":false,"sceneViewState":{"showFog":true,"showMaterialUpdate":false,"showSkybox":true,"showFlares":true,"showImageEffects":true,"showParticleSystems":true},"in2DMode":false,"pivot":{"x":-18.667837142944337,"y":-0.790553867816925,"z":-16.496370315551759},"rotation":{"x":-0.16360436379909516,"y":-0.7354006767272949,"z":0.1912280023097992,"w":-0.6291671991348267},"size":1.2877055406570435,"orthographic":false}