{"cameraMode":{"drawMode":0,"name":"Shaded","section":"Shading Mode"},"sceneLighting":false,"audioPlay":false,"sceneViewState":{"showFog":true,"showMaterialUpdate":false,"showSkybox":true,"showFlares":true,"showImageEffects":true,"showParticleSystems":true},"in2DMode":false,"pivot":{"x":-0.010742127895355225,"y":-0.06503457576036453,"z":0.0},"rotation":{"x":0.45496585965156557,"y":0.13661110401153565,"z":-0.07086174190044403,"w":0.8771101236343384},"size":2.188673734664917,"orthographic":false}